,Accuracy,Loss
0,67.03112125396729,0.8841399550437927
1,60.05046367645264,2.863898515701294
2,58.417510986328125,3.086228132247925
mean,61.83303197224935,2.278088867664337
