,precision,recall,f1-score,support,pred_0,pred_1,pred_2
class 0,0.596646942800789,0.8680057388809183,0.7071887784921099,697.0,605,26,66
class 1,0.4090909090909091,0.1836734693877551,0.2535211267605634,98.0,77,18,3
class 2,0.46923076923076923,0.15521628498727735,0.2332695984703633,393.0,332,0,61
accuracy,0.5757575757575758,0.5757575757575758,0.5757575757575758,0.5757575757575758,-,-,-
macro avg,0.4916562070408224,0.4022984977519836,0.39799316790767886,1188.0,-,-,-
weighted avg,0.5390248489316088,0.5757575757575758,0.5129887215744011,1188.0,-,-,-
