,Accuracy,Loss
0,58.45248103141785,1.1515848636627197
1,53.5744309425354,1.3090132474899292
2,57.575756311416626,1.0359891653060913
mean,56.534222761789955,1.1655290921529133
