,Accuracy,Loss
0,91.50546789169312,0.22808916866779327
1,75.69385766983032,0.6762080788612366
2,71.04377150535583,0.6428926587104797
mean,79.41436568895976,0.5157299687465032
