,Accuracy,Loss
0,92.59881973266602,0.6508848071098328
1,96.88814282417297,0.20929911732673645
2,91.41414165496826,0.5150658488273621
mean,93.63370140393575,0.4584165910879771
