,precision,recall,f1-score,support,pred_0,pred_1,pred_2
class 0,0.9751461988304093,0.9708879184861717,0.9730123997082423,687.0,667,1,19
class 1,0.9888888888888889,0.9368421052631579,0.9621621621621621,95.0,5,89,1
class 2,0.9516908212560387,0.9704433497536946,0.9609756097560976,406.0,12,0,394
accuracy,0.968013468013468,0.968013468013468,0.968013468013468,0.968013468013468,-,-,-
macro avg,0.9719086363251123,0.9593911245010082,0.9653833905421673,1188.0,-,-,-
weighted avg,0.9682292562886257,0.968013468013468,0.9680311629342959,1188.0,-,-,-
