,Accuracy,Loss
0,91.0008430480957,0.5437420606613159
1,91.42135977745056,0.6804234385490417
2,97.39057421684265,0.1014275923371315
mean,93.27092568079631,0.44186436384916306
